delta,T_c
-30.0,126.59050013389869
-20.0,77.13671131600243
-60.0,0.0
-40.0,195.24329359381008
-45.0,232.7645639857955
-50.0,278.41542570601496
-55.0,0.0
